{"cameraMode":{"drawMode":0,"name":"Shaded","section":"Shading Mode"},"sceneLighting":true,"audioPlay":false,"sceneViewState":{"showFog":true,"showMaterialUpdate":false,"showSkybox":true,"showFlares":true,"showImageEffects":true,"showParticleSystems":true},"in2DMode":false,"pivot":{"x":-0.6107921600341797,"y":-0.7273056507110596,"z":0.26865053176879885},"rotation":{"x":-0.1080322340130806,"y":0.8386918902397156,"z":-0.18034808337688447,"w":-0.5023935437202454},"size":7.130654811859131,"orthographic":false}